Herald,ORGANIZATION,18790208-1190-246222661.txt
Bryan,PERSON,18790208-1190-246222661.txt
O'Loghlen,PERSON,18790208-1190-246222661.txt
Berry,PERSON,18790208-1190-246222661.txt
Herald,ORGANIZATION,18790208-1190-246222661.txt
Messrs,PERSON,18790208-1190-246222661.txt
Berry,PERSON,18790208-1190-246222661.txt
Pearson,PERSON,18790208-1190-246222661.txt
London,LOCATION,18790208-1190-246222661.txt
Geelong,LOCATION,18790208-1190-246222661.txt
Supreme,ORGANIZATION,18790208-1190-246222661.txt
Court,ORGANIZATION,18790208-1190-246222661.txt
Old,LOCATION,18790208-1190-246222661.txt
Court,LOCATION,18790208-1190-246222661.txt
House,LOCATION,18790208-1190-246222661.txt
Low,PERSON,18790208-1190-246222661.txt
Department,PERSON,18790208-1190-246222661.txt
Parliament,ORGANIZATION,18790208-1190-246222661.txt
Ireland,LOCATION,18790208-1190-246222661.txt
Iris,PERSON,18790208-1190-246222661.txt
Inglis,PERSON,18790208-1190-246222661.txt
Richmond,LOCATION,18790208-1190-246222661.txt
Town,LOCATION,18790208-1190-246222661.txt
Hall,LOCATION,18790208-1190-246222661.txt
Patterson,PERSON,18790208-1190-246222661.txt
Bay,LOCATION,18790208-1190-246222661.txt
Sandridge,LOCATION,18790208-1190-246222661.txt
Railway,LOCATION,18790208-1190-246222661.txt
Lusitania,LOCATION,18790208-1190-246222661.txt
London,LOCATION,18790208-1190-246222661.txt
Pnnton,PERSON,18790208-1190-246222661.txt
Matthew,PERSON,18790208-1190-246222661.txt
Ryan,PERSON,18790208-1190-246222661.txt
Ryan,PERSON,18790208-1190-246222661.txt
Australia,LOCATION,18790208-1190-246222661.txt
Hotel,LOCATION,18790208-1190-246222661.txt
Ryan,PERSON,18790208-1190-246222661.txt
Pnnton,PERSON,18790208-1190-246222661.txt
Pnnton,PERSON,18790208-1190-246222661.txt
William,PERSON,18790208-1190-246222661.txt
Mower,PERSON,18790208-1190-246222661.txt
Aklmrst,PERSON,18790208-1190-246222661.txt
Ifenninpliam,PERSON,18790208-1190-246222661.txt
James,PERSON,18790208-1190-246222661.txt
Smith,PERSON,18790208-1190-246222661.txt
P.,PERSON,18790208-1190-246222661.txt
Wliitworth,PERSON,18790208-1190-246222661.txt
Howard,PERSON,18790208-1190-246222661.txt
Messrs,PERSON,18790208-1190-246222661.txt
H.,PERSON,18790208-1190-246222661.txt
Britton,PERSON,18790208-1190-246222661.txt
Neiid,PERSON,18790208-1190-246222661.txt
Messrs,PERSON,18790208-1190-246222661.txt
Wil,PERSON,18790208-1190-246222661.txt
Fenton,PERSON,18790208-1190-246222661.txt
Siimnonds,LOCATION,18790208-1190-246222661.txt
Collier,PERSON,18790208-1190-246222661.txt
Pentridgo,LOCATION,18790208-1190-246222661.txt
Bourke,PERSON,18790208-1190-246222661.txt
Collins,ORGANIZATION,18790208-1190-246222661.txt
Pnnton,PERSON,18790208-1190-246222661.txt
City,ORGANIZATION,18790208-1190-246222661.txt
Court,ORGANIZATION,18790208-1190-246222661.txt
William,PERSON,18790208-1190-246222661.txt
Jones,PERSON,18790208-1190-246222661.txt
Georgo,PERSON,18790208-1190-246222661.txt
Siinmonds,PERSON,18790208-1190-246222661.txt
Stephen,PERSON,18790208-1190-246222661.txt
Little,LOCATION,18790208-1190-246222661.txt
Bourko,LOCATION,18790208-1190-246222661.txt
Siimnonds,PERSON,18790208-1190-246222661.txt
Albert,LOCATION,18790208-1190-246222661.txt
Sarah,PERSON,18790208-1190-246222661.txt
Wall,PERSON,18790208-1190-246222661.txt
Simmonds,PERSON,18790208-1190-246222661.txt
Griffin,PERSON,18790208-1190-246222661.txt
Simmonds,PERSON,18790208-1190-246222661.txt
Panton,PERSON,18790208-1190-246222661.txt
Montfort,PERSON,18790208-1190-246222661.txt
Sarah,PERSON,18790208-1190-246222661.txt
Wall,PERSON,18790208-1190-246222661.txt
P.,PERSON,18790208-1190-246222661.txt
Hurron,PERSON,18790208-1190-246222661.txt
Adelaide,LOCATION,18790208-1190-246222661.txt
Osrio,PERSON,18790208-1190-246222661.txt
Copland,PERSON,18790208-1190-246222661.txt
England,LOCATION,18790208-1190-246222661.txt
Oval,LOCATION,18790208-1190-246222661.txt
Paul,PERSON,18790208-1190-246222661.txt
Melbourne,LOCATION,18790208-1190-246222661.txt
Geelong,LOCATION,18790208-1190-246222661.txt
Eagle,ORGANIZATION,18790208-1190-246222661.txt
Wilson,PERSON,18790208-1190-246222661.txt
Mel,PERSON,18790208-1190-246222661.txt
St.,ORGANIZATION,18790208-1190-246222661.txt
Leonards,ORGANIZATION,18790208-1190-246222661.txt
Eagle,ORGANIZATION,18790208-1190-246222661.txt
Thompson,PERSON,18790208-1190-246222661.txt
Geelong,LOCATION,18790208-1190-246222661.txt
Crawcour,PERSON,18790208-1190-246222661.txt
Geelong,LOCATION,18790208-1190-246222661.txt
Melbourne,LOCATION,18790208-1190-246222661.txt
Mr,PERSON,18790208-1190-246222661.txt
Harris,PERSON,18790208-1190-246222661.txt
Eagle,ORGANIZATION,18790208-1190-246222661.txt
Wnrnambool,ORGANIZATION,18790208-1190-246222661.txt
Guardian,ORGANIZATION,18790208-1190-246222661.txt
Warrnambool,LOCATION,18790208-1190-246222661.txt
Mcrn,LOCATION,18790208-1190-246222661.txt
River,LOCATION,18790208-1190-246222661.txt
Richard,PERSON,18790208-1190-246222661.txt
Banks,PERSON,18790208-1190-246222661.txt
Collingwooil,PERSON,18790208-1190-246222661.txt
Melbourne,LOCATION,18790208-1190-246222661.txt
Hospital,LOCATION,18790208-1190-246222661.txt
Messrs,PERSON,18790208-1190-246222661.txt
Boyd,PERSON,18790208-1190-246222661.txt
Mnhonoy,PERSON,18790208-1190-246222661.txt
Mclbnnm,LOCATION,18790208-1190-246222661.txt
Tnrwin,LOCATION,18790208-1190-246222661.txt
River,LOCATION,18790208-1190-246222661.txt
Wiberg,LOCATION,18790208-1190-246222661.txt
Mnyfair,LOCATION,18790208-1190-246222661.txt
Glen,PERSON,18790208-1190-246222661.txt
Innes,PERSON,18790208-1190-246222661.txt
Sydney,LOCATION,18790208-1190-246222661.txt
Tommy,PERSON,18790208-1190-246222661.txt
Macpherson,PERSON,18790208-1190-246222661.txt
Billy,PERSON,18790208-1190-246222661.txt
Tommy,PERSON,18790208-1190-246222661.txt
Waiinvriglit,PERSON,18790208-1190-246222661.txt
Sydney,LOCATION,18790208-1190-246222661.txt
Jack,PERSON,18790208-1190-246222661.txt
Melbourne,LOCATION,18790208-1190-246222661.txt
Jack,PERSON,18790208-1190-246222661.txt
Opera,LOCATION,18790208-1190-246222661.txt
House,LOCATION,18790208-1190-246222661.txt
Jessie,PERSON,18790208-1190-246222661.txt
Grey,PERSON,18790208-1190-246222661.txt
Dora,PERSON,18790208-1190-246222661.txt
Mrs,PERSON,18790208-1190-246222661.txt
Kendal,PERSON,18790208-1190-246222661.txt
Prince,LOCATION,18790208-1190-246222661.txt
of,LOCATION,18790208-1190-246222661.txt
Wales,LOCATION,18790208-1190-246222661.txt
London,LOCATION,18790208-1190-246222661.txt
Beatrice,PERSON,18790208-1190-246222661.txt
Mrs,PERSON,18790208-1190-246222661.txt
Bancroft,PERSON,18790208-1190-246222661.txt
London,LOCATION,18790208-1190-246222661.txt
Kendal,PERSON,18790208-1190-246222661.txt
Ireland,LOCATION,18790208-1190-246222661.txt
Clayton,PERSON,18790208-1190-246222661.txt
Reeve,PERSON,18790208-1190-246222661.txt
Bancroft,PERSON,18790208-1190-246222661.txt
Boothman,PERSON,18790208-1190-246222661.txt
L.,PERSON,18790208-1190-246222661.txt
Hall,PERSON,18790208-1190-246222661.txt
London,LOCATION,18790208-1190-246222661.txt
Melbourne,LOCATION,18790208-1190-246222661.txt
Hall,PERSON,18790208-1190-246222661.txt
Toole,PERSON,18790208-1190-246222661.txt
Byron,PERSON,18790208-1190-246222661.txt
Melbourne,LOCATION,18790208-1190-246222661.txt
Rose,PERSON,18790208-1190-246222661.txt
Michel,PERSON,18790208-1190-246222661.txt
Bayless,PERSON,18790208-1190-246222661.txt
Hurmun,PERSON,18790208-1190-246222661.txt
Flrtli,LOCATION,18790208-1190-246222661.txt
M'Cutehoon,PERSON,18790208-1190-246222661.txt
U.,PERSON,18790208-1190-246222661.txt
Hartwoll,PERSON,18790208-1190-246222661.txt
