J.,PERSON,18820110-367-117441414.txt
J.,PERSON,18820110-367-117441414.txt
Waddell,PERSON,18820110-367-117441414.txt
Bleit,PERSON,18820110-367-117441414.txt
Martin,PERSON,18820110-367-117441414.txt
Hennessy,PERSON,18820110-367-117441414.txt
Thomas,PERSON,18820110-367-117441414.txt
MIc,PERSON,18820110-367-117441414.txt
Guigan,PERSON,18820110-367-117441414.txt
Dccuembcr,LOCATION,18820110-367-117441414.txt
Currawang,LOCATION,18820110-367-117441414.txt
Thomas,PERSON,18820110-367-117441414.txt
Me,PERSON,18820110-367-117441414.txt
Guigan,PERSON,18820110-367-117441414.txt
James,PERSON,18820110-367-117441414.txt
PIaton,PERSON,18820110-367-117441414.txt
John,PERSON,18820110-367-117441414.txt
Paton,PERSON,18820110-367-117441414.txt
Goulburn,LOCATION,18820110-367-117441414.txt
Miorton,PERSON,18820110-367-117441414.txt
